metric,accuracy,difficulty
accuracy,0.277,0.26036000000000004
difficulty,0.391,0.35328000000000004
