metric,accuracy,difficulty
accuracy,0.26,0.26080000000000003
difficulty,0.372,0.36419999999999997
